link_permanente,tipo_de_publicação,impressões,alcance,compartilhamentos,seguimentos,curtidas,comentários,salvamentos,data,horario
https://www.instagram.com/p/CYUGkszrE_f/,Carrossel do Instagram,12277,10268,59,6,553,1,51,2022-01-04,08:01:00
https://www.instagram.com/p/CYUkhXqIaug/,Imagem do Instagram,32603,30742,433,4,1337,155,60,2022-01-04,12:01:00
https://www.instagram.com/p/CYWOHpDp69f/,Carrossel do Instagram,31335,26389,916,144,2597,53,393,2022-01-05,03:01:00
https://www.instagram.com/p/CYcTudxJjyi/,Carrossel do Instagram,49411,39667,256,40,3345,17,695,2022-01-07,12:01:00
https://www.instagram.com/p/CYe6S3uLaVl/,Imagem do Instagram,28463,26410,66,18,1025,19,78,2022-01-08,12:01:00
https://www.instagram.com/p/CYhdTy_KGz7/,Carrossel do Instagram,19183,16078,113,8,726,13,589,2022-01-09,12:01:00
https://www.instagram.com/p/CYoogjtrqnB/,Imagem do Instagram,11571,10575,9,2,415,8,10,2022-01-12,07:01:00
https://www.instagram.com/p/CYw7zzErc_n/,Imagem do Instagram,17914,16186,48,2,815,1,67,2022-01-15,12:01:00
https://www.instagram.com/p/CYzUoVGIf1J/,Imagem do Instagram,29604,28046,368,12,2490,30,139,2022-01-16,11:01:00
https://www.instagram.com/p/CY9F2h2sr3d/,Carrossel do Instagram,16426,13915,74,4,831,9,50,2022-01-20,06:01:00
https://www.instagram.com/p/CZAYqUqMKvw/,Imagem do Instagram,39594,36257,844,36,2715,19,459,2022-01-21,12:01:00
https://www.instagram.com/p/CZFWOcGsXFu/,Imagem do Instagram,39704,37584,274,24,3407,17,109,2022-01-23,11:01:00
https://www.instagram.com/p/CZIPvwEOCAb/,Imagem do Instagram,17219,16431,41,8,448,13,37,2022-01-24,14:01:00
https://www.instagram.com/p/CZMju-lM-Vl/,Imagem do Instagram,22299,20771,126,42,1293,8,113,2022-01-26,06:01:00
https://www.instagram.com/p/CZRvP9-L_Mq/,Carrossel do Instagram,21091,17666,145,30,1247,17,105,2022-01-28,06:01:00
https://www.instagram.com/p/CZUQodqo458/,Imagem do Instagram,11770,10768,33,6,514,2,28,2022-01-29,06:01:00
https://www.instagram.com/p/CZg6rlhMWMn/,Carrossel do Instagram,32691,27303,453,26,2303,93,220,2022-02-03,03:02:00
https://www.instagram.com/p/CZkbKANluRQ/,Carrossel do Instagram,41836,33055,378,99,2668,41,386,2022-02-04,12:02:00
https://www.instagram.com/p/CZm3i5CNktO/,Imagem do Instagram,25563,23698,47,6,921,57,32,2022-02-05,11:02:00
https://www.instagram.com/p/CZpZSkpOUmt/,Imagem do Instagram,31630,31630,384,6,1505,35,47,2022-02-06,11:02:00
https://www.instagram.com/p/CZxZFJSvutu/,Carrossel do Instagram,17547,14985,96,14,1084,20,77,2022-02-09,13:02:00
https://www.instagram.com/p/CZ7bORAIez3/,Carrossel do Instagram,54401,45396,792,36,4516,23,212,2022-02-13,11:02:00
https://www.instagram.com/p/CaAwmBRvXSc/,Imagem do Instagram,23879,22270,240,57,889,62,87,2022-02-15,12:02:00
https://www.instagram.com/p/CaDfrVEuKOZ/,Carrossel do Instagram,21303,16892,113,8,701,25,87,2022-02-16,14:02:00
https://www.instagram.com/p/CaIe63Dscq7/,Imagem do Instagram,30315,27757,144,16,2142,11,128,2022-02-18,12:02:00
https://www.instagram.com/p/CaNc7giv6GT/,Imagem do Instagram,28349,25951,202,2,1129,23,33,2022-02-20,11:02:00
https://www.instagram.com/p/CaYLvCSIA0P/,Carrossel do Instagram,14479,11608,36,4,532,11,76,2022-02-24,15:02:00
https://www.instagram.com/p/CafeTCHKGgJ/,Imagem do Instagram,45463,42813,258,14,3055,92,125,2022-02-27,11:02:00
https://www.instagram.com/p/CaxgCn2BDTM/,Imagem do Instagram,35614,33371,430,26,2494,31,119,2022-03-06,11:03:00
https://www.instagram.com/p/Ca0L8Pps-aP/,Carrossel do Instagram,7848,6377,22,8,232,0,35,2022-03-07,12:03:00
https://www.instagram.com/p/Ca0XJesuYNv/,Imagem do Instagram,33865,30639,188,40,1390,725,85,2022-03-07,13:03:00
https://www.instagram.com/p/Ca4w2moN5tG/,Carrossel do Instagram,7517,6074,42,8,312,3,20,2022-03-09,06:03:00
https://www.instagram.com/p/CbDhIxCr5Ll/,Imagem do Instagram,24300,22644,84,22,1527,23,63,2022-03-13,12:03:00
https://www.instagram.com/p/CbLs8ZIOpI-/,Imagem do Instagram,23039,21097,106,6,1634,63,53,2022-03-16,16:03:00
https://www.instagram.com/p/CbNDzGrMmIh/,Imagem do Instagram,6952,6216,52,20,378,10,17,2022-03-17,04:03:00
https://www.instagram.com/p/CbQlMFaMS_L/,Imagem do Instagram,34439,32164,323,38,3033,16,189,2022-03-18,13:03:00
https://www.instagram.com/p/CbVr_dPLsFE/,Imagem do Instagram,31780,29118,664,16,1815,29,126,2022-03-20,13:03:00
https://www.instagram.com/p/Cba88WQOkvR/,Imagem do Instagram,7020,6442,14,14,181,18,2,2022-03-22,14:03:00
https://www.instagram.com/p/CbdX2nKpzoJ/,Carrossel do Instagram,11979,9544,148,4,590,8,73,2022-03-23,12:03:00
https://www.instagram.com/p/Cbif2-QAXUa/,Imagem do Instagram,18885,17001,183,14,1576,18,115,2022-03-25,12:03:00
https://www.instagram.com/p/CbkfRl-vLZ9/,Carrossel do Instagram,11138,9600,15,8,250,4,17,2022-03-26,07:03:00
https://www.instagram.com/p/CbnfaS9LHRN/,Carrossel do Instagram,26933,23692,169,30,2028,34,144,2022-03-27,11:03:00
https://www.instagram.com/p/CbpzL9EOQxO/,Imagem do Instagram,17795,17045,135,12,1257,12,56,2022-03-28,08:03:00
https://www.instagram.com/p/CbsRYkGMXCR/,Carrossel do Instagram,21465,17790,302,42,1359,12,185,2022-03-29,07:03:00
https://www.instagram.com/p/Cbsz-VPrsIf/,Imagem do Instagram,11891,10931,22,8,294,60,17,2022-03-29,12:03:00
https://www.instagram.com/p/CbvgqlVlZsn/,Imagem do Instagram,14055,12844,49,9,772,4,114,2022-03-30,14:03:00
https://www.instagram.com/p/CYPb0Rnt3IN/,Imagem do Instagram,41786,38360,424,14,3018,21,136,2022-01-02,12:01:00
https://www.instagram.com/p/Cb2j0JYvHBh/,Carrossel do Instagram,24384,20436,179,26,1888,5,165,2022-04-02,07:04:00
https://www.instagram.com/p/Cb53HIzuYYn/,Carrossel do Instagram,8196,6656,23,4,109,6,14,2022-04-03,14:04:00
https://www.instagram.com/p/Cb8bYtQOANF/,Imagem do Instagram,5808,5294,2,2,63,2,6,2022-04-04,14:04:00
https://www.instagram.com/p/Cb-Wu0UpCjl/,Carrossel do Instagram,27405,22543,349,74,2195,19,263,2022-04-05,08:04:00
https://www.instagram.com/p/Cb-0jAnMhTw/,Carrossel do Instagram,30566,24979,154,18,1567,17,179,2022-04-05,12:04:00
https://www.instagram.com/p/Cb_EFsJrEm8/,Carrossel do Instagram,8406,7040,10,2,138,1,13,2022-04-05,15:04:00
https://www.instagram.com/p/CcAjFD_KExM/,Carrossel do Instagram,33561,26507,1667,28,1194,10,208,2022-04-06,04:04:00
https://www.instagram.com/p/CcGoESGBEMC/,Imagem do Instagram,31956,29804,426,20,2721,20,239,2022-04-08,13:04:00
https://www.instagram.com/p/CcNp4EHtDvD/,Carrossel do Instagram,20273,16602,273,16,1106,12,91,2022-04-11,07:04:00
https://www.instagram.com/p/CcSmBFBhJHd/,Carrossel do Instagram,42364,33968,3334,133,2923,22,286,2022-04-13,05:04:00
https://www.instagram.com/p/CcTg1YUsU2D/,Carrossel do Instagram,11371,9059,24,8,510,6,52,2022-04-13,13:04:00
https://www.instagram.com/p/CcVMwXyhqrN/,Carrossel do Instagram,25349,21404,112,8,1808,7,96,2022-04-14,05:04:00
https://www.instagram.com/p/CcXvWEupND3/,Imagem do Instagram,30366,28373,675,8,2132,8,63,2022-04-15,05:04:00
https://www.instagram.com/p/CciM1Olr-gJ/,Carrossel do Instagram,21537,18854,39,8,1226,10,63,2022-04-19,06:04:00
https://www.instagram.com/p/Cci-bLvs9-o/,Carrossel do Instagram,12995,11115,71,8,626,1,29,2022-04-19,13:04:00
https://www.instagram.com/p/Cck5X0wPBRL/,Imagem do Instagram,9744,9163,31,18,301,5,53,2022-04-20,07:04:00
https://www.instagram.com/p/CcnouM9BUOF/,Imagem do Instagram,22993,21371,115,4,1018,72,53,2022-04-21,09:04:00
https://www.instagram.com/p/CcqGbxgt-1G/,Carrossel do Instagram,10983,9080,15,4,389,1,36,2022-04-22,08:04:00
https://www.instagram.com/p/CctTcgUIs_U/,Imagem do Instagram,10293,9236,29,0,414,0,17,2022-04-23,14:04:00
https://www.instagram.com/p/CcvJ2zKBQA7/,Carrossel do Instagram,38636,29806,1277,24,3176,9,236,2022-04-24,07:04:00
https://www.instagram.com/p/CcxtvQdtzvr/,Carrossel do Instagram,9654,8215,40,4,267,0,70,2022-04-25,07:04:00
https://www.instagram.com/p/Cc0mIT5ssTH/,Imagem do Instagram,17156,16094,72,6,1108,14,79,2022-04-26,09:04:00
https://www.instagram.com/p/Cc27YO-sMU9/,Carrossel do Instagram,10519,8777,38,2,426,1,208,2022-04-27,07:04:00
https://www.instagram.com/p/Cc6JwgArmQM/,Carrossel do Instagram,12358,10068,11,0,196,3,25,2022-04-28,13:04:00
https://www.instagram.com/p/Cc8ue0llcLB/,Carrossel do Instagram,54534,42201,736,116,3367,19,758,2022-04-29,13:04:00
https://www.instagram.com/p/Cc_TCVXsGYs/,Carrossel do Instagram,17771,14487,32,6,407,1,100,2022-04-30,13:04:00
https://www.instagram.com/p/CdBOkWIr3tL/,Imagem do Instagram,14925,13625,171,10,752,0,83,2022-05-01,07:05:00
https://www.instagram.com/p/CdD0AsjuQG-/,Carrossel do Instagram,16365,13560,42,25,509,7,53,2022-05-02,07:05:00
https://www.instagram.com/p/CdO4Q8PuD10/,Carrossel do Instagram,35443,28936,837,62,2683,26,274,2022-05-06,14:05:00
https://www.instagram.com/p/CdTlHExu16F/,Carrossel do Instagram,17127,14578,220,18,1114,13,50,2022-05-08,10:05:00
https://www.instagram.com/p/CdZCwndKjSx/,Carrossel do Instagram,9958,8320,21,2,369,2,42,2022-05-10,13:05:00
https://www.instagram.com/p/Cdb0cLmo6GW/,Carrossel do Instagram,51977,39835,1820,126,3859,48,280,2022-05-11,15:05:00
https://www.instagram.com/p/CdeSC23u516/,Vídeo do Instagram,6801,6003,17,2,71,3,17,2022-05-12,14:05:00
https://www.instagram.com/p/Cdgv9xGvaNF/,Carrossel do Instagram,16670,13441,66,46,524,10,447,2022-05-13,13:05:00
https://www.instagram.com/p/Cdgv-T0sTM1/,Imagem do Instagram,17098,15992,195,20,829,5,77,2022-05-13,13:05:00
https://www.instagram.com/p/CdlPuY4Nai_/,Carrossel do Instagram,52360,40059,2666,121,5727,36,416,2022-05-15,07:05:00
https://www.instagram.com/p/Cdn2yHetbvq/,Carrossel do Instagram,31406,25617,167,16,1727,12,159,2022-05-16,07:05:00
https://www.instagram.com/p/Cdn8zMFuGdO/,Imagem do Instagram,10607,9946,23,0,226,5,8,2022-05-16,08:05:00
https://www.instagram.com/p/CdogEP9p5xJ/,Carrossel do Instagram,10962,9243,85,6,489,3,21,2022-05-16,13:05:00
https://www.instagram.com/p/CdqN-e-sAVF/,Carrossel do Instagram,11273,9785,1711,32,1240,2,114,2022-05-17,05:05:00
https://www.instagram.com/p/CdrWSvVsd2L/,Carrossel do Instagram,24167,19229,169,12,1530,7,140,2022-05-17,16:05:00
https://www.instagram.com/p/Cdt6x8Mtvlr/,Vídeo do Instagram,39141,35160,1561,30,2417,23,179,2022-05-18,16:05:00
https://www.instagram.com/p/Cdvi71oL4Rv/,Carrossel do Instagram,14402,11640,123,24,728,2,136,2022-05-19,07:05:00
https://www.instagram.com/p/CdyG7vphuC5/,Imagem do Instagram,37373,33953,1669,30,3088,176,135,2022-05-20,07:05:00
https://www.instagram.com/p/Cdy6ErjByn3/,Carrossel do Instagram,65077,46966,1564,445,5478,31,1657,2022-05-20,14:05:00
https://www.instagram.com/p/Cd3OdsALrHl/,Carrossel do Instagram,32663,25069,856,44,1731,12,268,2022-05-22,07:05:00
https://www.instagram.com/p/Cd50OwsBLBL/,Carrossel do Instagram,15466,12885,65,6,772,2,66,2022-05-23,07:05:00
https://www.instagram.com/p/Cd508vLOAvK/,Imagem do Instagram,8002,7239,6,4,342,2,8,2022-05-23,07:05:00
https://www.instagram.com/p/Cd8ZfHNKISw/,Imagem do Instagram,13205,12150,92,0,621,15,74,2022-05-24,07:05:00
https://www.instagram.com/p/Cd_Glt-Bt6R/,Carrossel do Instagram,8271,7025,66,16,400,3,41,2022-05-25,08:05:00
https://www.instagram.com/p/CeBSDv7ppz7/,Carrossel do Instagram,22591,19320,803,106,1008,384,40,2022-05-26,04:05:00
https://www.instagram.com/p/CeCTqKJhwub/,Carrossel do Instagram,41026,32748,259,10,3366,48,82,2022-05-26,14:05:00
https://www.instagram.com/p/CeEvBtWhaD0/,Carrossel do Instagram,13381,10745,20,0,474,6,50,2022-05-27,12:05:00
https://www.instagram.com/p/CeHbR5sB6u_/,Carrossel do Instagram,11832,9909,50,6,688,3,31,2022-05-28,14:05:00
https://www.instagram.com/p/CeJUcmWPf9L/,Carrossel do Instagram,51564,41181,3342,112,4883,22,477,2022-05-29,07:05:00
https://www.instagram.com/p/CeMevVbqiMS/,Carrossel do Instagram,25908,22067,108,8,1459,15,212,2022-05-30,13:05:00
https://www.instagram.com/p/CeMsM7FLXUF/,Carrossel do Instagram,7128,5804,1,0,82,2,4,2022-05-30,15:05:00
https://www.instagram.com/p/CeOkJkBNQAr/,Imagem do Instagram,11085,10107,6,0,200,12,20,2022-05-31,08:05:00
https://www.instagram.com/p/CePP7Vusy8q/,Carrossel do Instagram,68723,50080,1857,228,4322,54,3316,2022-05-31,14:05:00
https://www.instagram.com/p/CeQ9QQKNlLD/,Carrossel do Instagram,14017,11845,156,2,674,3,60,2022-06-01,06:06:00
https://www.instagram.com/p/CeRsNq5hhgJ/,Carrossel do Instagram,41517,34248,827,36,2895,28,295,2022-06-01,13:06:00
https://www.instagram.com/p/CeUhAKFhvcK/,Carrossel do Instagram,37034,30573,167,16,1499,21,178,2022-06-02,16:06:00
https://www.instagram.com/p/CeWRrkkONeu/,Imagem do Instagram,5411,4684,4,0,135,2,3,2022-06-03,08:06:00
https://www.instagram.com/p/CeYw6-htijA/,Carrossel do Instagram,10773,9491,43,0,319,2,19,2022-06-04,07:06:00
https://www.instagram.com/p/CeZaXUVr9YB/,Carrossel do Instagram,10457,9367,5,4,165,0,17,2022-06-04,13:06:00
https://www.instagram.com/p/CebQ2dfLurf/,Vídeo do Instagram,10386,9526,19,0,381,2,12,2022-06-05,06:06:00
https://www.instagram.com/p/CecAXQ3otVs/,Imagem do Instagram,22335,21181,256,4,1113,13,156,2022-06-05,13:06:00
https://www.instagram.com/p/CegXwxfN4NB/,Carrossel do Instagram,23413,19999,218,6,1583,15,63,2022-06-07,06:06:00
https://www.instagram.com/p/CehMNRlugds/,Carrossel do Instagram,15094,13131,89,10,445,37,65,2022-06-07,14:06:00
https://www.instagram.com/p/CejBVr9srDV/,Carrossel do Instagram,7695,6379,22,10,189,3,34,2022-06-08,07:06:00
https://www.instagram.com/reel/Ceju77rjoR6/,Vídeo do Instagram,6870,6120,28,4,158,10,13,2022-06-08,13:06:00
https://www.instagram.com/p/CemLLUgM61b/,Carrossel do Instagram,31438,24628,516,28,1198,14,344,2022-06-09,12:06:00
https://www.instagram.com/p/Cemh_tBsap9/,Carrossel do Instagram,11201,9066,33,6,191,6,31,2022-06-09,15:06:00
https://www.instagram.com/p/CeoLr-PNMje/,Vídeo do Instagram,8886,8019,34,0,318,2,29,2022-06-10,07:06:00
https://www.instagram.com/p/CeoU7mLOG4W/,Carrossel do Instagram,35097,27390,389,26,1571,20,161,2022-06-10,08:06:00
https://www.instagram.com/p/CeoZ6NDOwP3/,Carrossel do Instagram,21212,16921,287,12,884,13,119,2022-06-10,09:06:00
https://www.instagram.com/p/Ceo38EJIrx5/,Carrossel do Instagram,12622,10238,69,2,442,3,28,2022-06-10,13:06:00
https://www.instagram.com/p/CetKoeJrVJZ/,Carrossel do Instagram,13828,11907,86,2,502,1,40,2022-06-12,05:06:00
https://www.instagram.com/p/Cet1fM6uRPL/,Carrossel do Instagram,37456,30711,896,12,2813,7,178,2022-06-12,12:06:00
https://www.instagram.com/p/Cewm11puQaP/,Carrossel do Instagram,6865,5869,0,0,89,1,8,2022-06-13,13:06:00
https://www.instagram.com/p/CezLIFJMmif/,Carrossel do Instagram,39265,30938,538,103,1834,18,905,2022-06-14,13:06:00
https://www.instagram.com/p/Ce1CFptpavp/,Carrossel do Instagram,7267,6098,3,0,93,0,9,2022-06-15,07:06:00
https://www.instagram.com/p/Ce3mZGsubxM/,Imagem do Instagram,15571,14418,90,2,920,6,74,2022-06-16,07:06:00
https://www.instagram.com/p/Ce8kb6ftlxR/,Carrossel do Instagram,7091,5899,0,0,184,1,3,2022-06-18,05:06:00
https://www.instagram.com/p/Ce8v-Myjb62/,Carrossel do Instagram,6756,5750,7,2,109,0,17,2022-06-18,07:06:00
https://www.instagram.com/p/Ce9f_dlIIt6/,Carrossel do Instagram,6202,5214,1,0,65,1,10,2022-06-18,14:06:00
https://www.instagram.com/p/Ce_UtROtSi5/,Carrossel do Instagram,18646,16186,107,0,883,8,80,2022-06-19,07:06:00
https://www.instagram.com/p/Ce_UxQ_Pj8j/,Carrossel do Instagram,8495,7051,23,0,377,2,21,2022-06-19,07:06:00
https://www.instagram.com/p/CfCoG1kvcpH/,Carrossel do Instagram,56088,45795,4007,222,5440,192,390,2022-06-20,13:06:00
https://www.instagram.com/p/CfFObvELQqR/,Carrossel do Instagram,33606,27432,547,6,1608,8,168,2022-06-21,14:06:00
https://www.instagram.com/p/CfHDF5ovvWK/,Carrossel do Instagram,25243,21892,142,26,1173,24,116,2022-06-22,07:06:00
https://www.instagram.com/reel/CfHxOfMDQYZ/,Vídeo do Instagram,13694,12026,25,0,257,11,19,2022-06-22,13:06:00
https://www.instagram.com/p/CfJn6u7vqAj/,Imagem do Instagram,13246,11994,75,4,805,2,51,2022-06-23,07:06:00
https://www.instagram.com/p/CfKjYRgrpuO/,Carrossel do Instagram,6666,5638,20,6,108,0,10,2022-06-23,15:06:00
https://www.instagram.com/p/CfMNjYYBwSY/,Carrossel do Instagram,30684,24319,145,32,1467,3,738,2022-06-24,07:06:00
https://www.instagram.com/p/CfNBUXCt8Pn/,Carrossel do Instagram,14711,12153,50,13,584,12,60,2022-06-24,14:06:00
https://www.instagram.com/p/CfOxc-SrAPG/,Imagem do Instagram,24102,22090,317,6,1307,17,26,2022-06-25,07:06:00
https://www.instagram.com/p/CfPkGpWvH_h/,Carrossel do Instagram,8047,6586,7,2,120,2,1,2022-06-25,14:06:00
https://www.instagram.com/p/CfRUmH1u4AW/,Carrossel do Instagram,12671,10945,99,6,662,0,25,2022-06-26,06:06:00
https://www.instagram.com/p/CfSGVsRI0XN/,Carrossel do Instagram,56042,44362,2553,68,5958,13,547,2022-06-26,14:06:00
https://www.instagram.com/p/CfWh8B5OAPt/,Imagem do Instagram,5622,4946,165,2,338,0,16,2022-06-28,07:06:00
https://www.instagram.com/p/CfWyqpXhxz_/,Imagem do Instagram,7311,6502,6,0,169,11,8,2022-06-28,09:06:00
https://www.instagram.com/reel/CfXQi6mjpl1/,Vídeo do Instagram,53464,48451,699,30,2456,36,860,2022-06-28,14:06:00
https://www.instagram.com/p/CfXbZTOKy8m/,Carrossel do Instagram,4845,4157,28,0,169,1,9,2022-06-28,15:06:00
https://www.instagram.com/p/CfY2l_dhidA/,Carrossel do Instagram,5583,4714,19,0,140,3,8,2022-06-29,04:06:00
https://www.instagram.com/p/CfZwXPWLVQp/,Carrossel do Instagram,24175,19089,157,24,1004,7,261,2022-06-29,13:06:00
https://www.instagram.com/p/CfaBimoKWts/,Carrossel do Instagram,4257,3334,2,0,40,0,5,2022-06-29,15:06:00
https://www.instagram.com/p/Cfbpcz7v6sj/,Imagem do Instagram,9734,8989,101,2,458,1,39,2022-06-30,07:06:00
https://www.instagram.com/p/Cb0qeoKMZoP/,Carrossel do Instagram,23717,19515,180,44,1386,2,181,2022-04-01,14:04:00
https://www.instagram.com/p/Cfe9nwEoGvC/,Carrossel do Instagram,5012,3968,15,6,46,2,9,2022-07-01,13:07:00
https://www.instagram.com/p/CflycRLtOxY/,Carrossel do Instagram,38468,30661,1002,18,3725,19,206,2022-07-04,05:07:00
https://www.instagram.com/reel/CfmA5ewjr4t/,Vídeo do Instagram,9526,8294,19,2,232,12,14,2022-07-04,07:07:00
https://www.instagram.com/p/CfobPPQLUF5/,Carrossel do Instagram,38924,33082,282,18,2317,29,141,2022-07-05,06:07:00
https://www.instagram.com/p/Cfpcf_vup6q/,Carrossel do Instagram,11759,9807,51,6,529,2,65,2022-07-05,15:07:00
https://www.instagram.com/p/CfrMY72DJuS/,Carrossel do Instagram,7656,6246,29,2,230,0,58,2022-07-06,07:07:00
https://www.instagram.com/p/CfruCBAOdHx/,Imagem do Instagram,24014,21650,224,58,707,43,120,2022-07-06,12:07:00
https://www.instagram.com/p/CftWb8nry0g/,Carrossel do Instagram,17181,14098,100,4,567,8,61,2022-07-07,04:07:00
https://www.instagram.com/p/CftdiALJr9A/,Carrossel do Instagram,15652,12711,108,0,433,3,48,2022-07-07,05:07:00
https://www.instagram.com/p/CfuZ8HqqYaZ/,Carrossel do Instagram,7749,6394,5,4,92,0,13,2022-07-07,13:07:00
https://www.instagram.com/p/Cfw5AdwOT8i/,Carrossel do Instagram,13928,11588,71,6,818,16,42,2022-07-08,13:07:00
https://www.instagram.com/p/CfysCZNsxtR/,Carrossel do Instagram,6505,5448,9,2,162,0,10,2022-07-09,05:07:00
https://www.instagram.com/p/CfzjB_5M15B/,Vídeo do Instagram,4214,3549,5,6,44,0,3,2022-07-09,13:07:00
https://www.instagram.com/p/Cf2Cml-LVMP/,Imagem do Instagram,23657,22297,325,10,1589,8,81,2022-07-10,13:07:00
https://www.instagram.com/p/Cf4t9ZOuXuM/,Carrossel do Instagram,24299,20231,224,30,1710,6,174,2022-07-11,13:07:00
https://www.instagram.com/reel/Cf6q4aeDajP/,Vídeo do Instagram,27892,25789,159,16,1580,21,138,2022-07-12,08:07:00
https://www.instagram.com/p/Cf7c8ELugre/,Carrossel do Instagram,14574,12073,470,21,895,16,79,2022-07-12,15:07:00
https://www.instagram.com/p/Cf9Kwadpawk/,Carrossel do Instagram,22866,18630,302,4,722,1,209,2022-07-13,07:07:00
https://www.instagram.com/p/Cf_05d6L-BW/,Carrossel do Instagram,6532,5449,13,4,133,0,29,2022-07-14,08:07:00
https://www.instagram.com/p/CgCyPvphXRq/,Imagem do Instagram,5795,5270,30,2,238,0,10,2022-07-15,11:07:00
https://www.instagram.com/p/CgDE8f2Ibad/,Vídeo do Instagram,4569,3996,5,8,54,0,1,2022-07-15,14:07:00
https://www.instagram.com/p/CgEq2nLtR0-/,Imagem do Instagram,4646,3968,0,0,34,0,0,2022-07-16,05:07:00
https://www.instagram.com/p/CgFu0C-L3yZ/,Carrossel do Instagram,9561,8277,13,4,151,0,15,2022-07-16,15:07:00
https://www.instagram.com/p/CgHX6EvsqiU/,Carrossel do Instagram,37468,30487,964,32,3432,6,267,2022-07-17,06:07:00
https://www.instagram.com/p/CgIH7J3I355/,Imagem do Instagram,4708,4127,12,0,59,1,6,2022-07-17,13:07:00
https://www.instagram.com/p/CgKAKWYvWhX/,Carrossel do Instagram,20247,16380,238,10,656,13,79,2022-07-18,07:07:00
https://www.instagram.com/p/CgM5630vZ3W/,Carrossel do Instagram,17780,14640,124,14,907,5,95,2022-07-19,10:07:00
https://www.instagram.com/p/CgPYxNhrknj/,Carrossel do Instagram,11434,9380,22,6,299,5,50,2022-07-20,09:07:00
https://www.instagram.com/p/CgRt0SlrA2R/,Carrossel do Instagram,22414,18357,135,16,823,9,165,2022-07-21,06:07:00
https://www.instagram.com/p/CgSaxE3rRB6/,Carrossel do Instagram,9281,7859,30,2,194,8,42,2022-07-21,13:07:00
https://www.instagram.com/p/CgUSCYvs22T/,Carrossel do Instagram,15857,12844,61,10,675,6,123,2022-07-22,06:07:00
https://www.instagram.com/p/CgWyD7It5Fz/,Carrossel do Instagram,6829,5797,2,0,77,0,17,2022-07-23,06:07:00
https://www.instagram.com/p/CgZfCPxLAmf/,Carrossel do Instagram,41164,34326,391,50,2857,26,372,2022-07-24,07:07:00
https://www.instagram.com/p/CgaOpSFoKI8/,Imagem do Instagram,20304,18323,124,10,1152,4,50,2022-07-24,14:07:00
https://www.instagram.com/p/CgerQKWNKtP/,Carrossel do Instagram,15096,13017,99,44,582,4,97,2022-07-26,07:07:00
https://www.instagram.com/p/CgfaZJIrA0P/,Imagem do Instagram,5031,4165,2,2,47,0,12,2022-07-26,14:07:00
https://www.instagram.com/reel/CghWJ32jodW/,Vídeo do Instagram,7868,6928,7,2,136,2,6,2022-07-27,08:07:00
https://www.instagram.com/p/Cgh48yLrdh3/,Carrossel do Instagram,36309,28606,273,30,1182,11,710,2022-07-27,13:07:00
https://www.instagram.com/p/CgkcjEFsomQ/,Carrossel do Instagram,20916,16278,210,26,848,4,142,2022-07-28,13:07:00
https://www.instagram.com/p/CgnDcfcMYQ2/,Carrossel do Instagram,13559,10368,90,20,423,8,101,2022-07-29,13:07:00
https://www.instagram.com/p/CgrZhiCACDL/,Carrossel do Instagram,67333,51307,4305,169,7376,31,678,2022-07-31,06:07:00
https://www.instagram.com/reel/CgvBASJDZDR/,Vídeo do Instagram,20384,17757,132,28,1003,14,127,2022-08-01,16:08:00
https://www.instagram.com/p/CgweqDyKX_C/,Carrossel do Instagram,23876,17516,199,18,918,2,128,2022-08-02,05:08:00
https://www.instagram.com/p/Cgwlc3sqeuC/,Carrossel do Instagram,25688,19141,194,46,904,5,103,2022-08-02,06:08:00
https://www.instagram.com/p/Cg0ASFFlQaN/,Carrossel do Instagram,23771,17933,202,12,1223,2,336,2022-08-03,14:08:00
https://www.instagram.com/p/Cg2m85fhTej/,Imagem do Instagram,63040,56945,1954,118,4788,66,1034,2022-08-04,14:08:00
https://www.instagram.com/p/Cg6-XefsI65/,Carrossel do Instagram,7729,6265,4,10,111,0,5,2022-08-06,07:08:00
https://www.instagram.com/p/Cg-L4hrty_l/,Carrossel do Instagram,49789,37134,2151,58,4096,18,469,2022-08-07,13:08:00
https://www.instagram.com/reel/ChAQYkDjIjT/,Vídeo do Instagram,45097,40144,597,22,2725,65,363,2022-08-08,08:08:00
https://www.instagram.com/p/ChFREBxFHTI/,Carrossel do Instagram,13021,10312,323,21,718,16,179,2022-08-10,07:08:00
https://www.instagram.com/p/ChIDH2-OtcW/,Imagem do Instagram,8825,7515,98,0,617,2,12,2022-08-11,09:08:00
https://www.instagram.com/p/ChIcik9r__m/,Imagem do Instagram,8337,7233,41,0,286,4,42,2022-08-11,13:08:00
https://www.instagram.com/p/ChIwmLzOjMu/,Carrossel do Instagram,35246,28894,181,10,1156,54,81,2022-08-11,16:08:00
https://www.instagram.com/p/ChLA1mEORnf/,Carrossel do Instagram,39050,30071,791,20,2665,31,288,2022-08-12,13:08:00
https://www.instagram.com/p/ChNB8otB5iE/,Carrossel do Instagram,47280,34804,3529,153,5255,10,654,2022-08-13,07:08:00
https://www.instagram.com/p/ChNllkWsMyo/,Imagem do Instagram,13614,12049,80,6,621,2,57,2022-08-13,13:08:00
https://www.instagram.com/p/ChPmfzmM-eB/,Carrossel do Instagram,29407,22502,275,93,2007,6,847,2022-08-14,07:08:00
https://www.instagram.com/p/ChSHe-Whu8v/,Carrossel do Instagram,7435,5814,18,0,156,6,41,2022-08-15,07:08:00
https://www.instagram.com/p/ChUrgbDM7Aq/,Carrossel do Instagram,9010,6898,37,8,268,4,29,2022-08-16,07:08:00
https://www.instagram.com/p/ChVu8IDubWt/,Carrossel do Instagram,18610,14820,47,4,433,2,133,2022-08-16,16:08:00
https://www.instagram.com/p/ChXXGv4szQa/,Carrossel do Instagram,17698,14388,121,18,679,5,183,2022-08-17,08:08:00
https://www.instagram.com/p/ChalKb9rj_i/,Imagem do Instagram,50745,45750,1753,39,2150,36,604,2022-08-18,14:08:00
https://www.instagram.com/p/ChayxaID6qf/,Carrossel do Instagram,14536,10797,29,4,410,1,81,2022-08-18,16:08:00
https://www.instagram.com/p/ChcEmfrNpAZ/,Carrossel do Instagram,32397,24355,694,10,1442,7,199,2022-08-19,04:08:00
https://www.instagram.com/reel/ChdC6Xyj_GX/,Vídeo do Instagram,10026,8701,20,5,247,4,25,2022-08-19,13:08:00
https://www.instagram.com/p/Che3Ggrv4Hp/,Carrossel do Instagram,12775,9886,43,8,501,3,71,2022-08-20,06:08:00
https://www.instagram.com/p/ChhkcoRrx2H/,Carrossel do Instagram,11931,9229,41,0,484,1,53,2022-08-21,07:08:00
https://www.instagram.com/p/ChiXjrShmuK/,Carrossel do Instagram,43399,33436,1819,50,4025,7,395,2022-08-21,14:08:00
https://www.instagram.com/p/Chk100Uo0yw/,Carrossel do Instagram,6814,5333,8,2,164,2,12,2022-08-22,13:08:00
https://www.instagram.com/p/ChntR9HIHoV/,Carrossel do Instagram,34476,26564,433,24,1596,9,462,2022-08-23,16:08:00
https://www.instagram.com/p/Chp6YaRPMZ4/,Carrossel do Instagram,57635,41166,1946,154,3815,123,436,2022-08-24,13:08:00
https://www.instagram.com/p/Chr25D7pXbn/,Carrossel do Instagram,19361,12975,623,73,1330,4,240,2022-08-25,07:08:00
https://www.instagram.com/p/Chs0AVpvzE1/,Carrossel do Instagram,10539,6629,6,0,230,1,18,2022-08-25,16:08:00
https://www.instagram.com/reel/ChvY7X0DDKT/,Vídeo do Instagram,14454,7622,61,0,240,4,12,2022-08-26,16:08:00
https://www.instagram.com/p/ChzmSTwstv5/,Carrossel do Instagram,39998,18506,173,10,868,29,86,2022-08-28,07:08:00
https://www.instagram.com/p/Ch0j3rFLUV8/,Carrossel do Instagram,97785,39720,5214,173,4963,13,705,2022-08-28,16:08:00
https://www.instagram.com/p/Ch2XiPUt4NM/,Carrossel do Instagram,11738,6375,52,0,223,1,60,2022-08-29,09:08:00
https://www.instagram.com/p/Ch5bG0apCgb/,Carrossel do Instagram,5695,4664,18,4,127,2,9,2022-08-30,13:08:00
https://www.instagram.com/p/Ch7Mkg1M56g/,Carrossel do Instagram,10329,8472,63,2,520,4,73,2022-08-31,06:08:00
https://www.instagram.com/p/Ch94taHhXx5/,Imagem do Instagram,9732,8933,83,8,613,3,58,2022-09-01,07:09:00
https://www.instagram.com/p/Ch-1TV-NSE0/,Carrossel do Instagram,16289,13540,42,2,209,14,15,2022-09-01,16:09:00
https://www.instagram.com/p/CiC6nmOvP6q/,Carrossel do Instagram,66918,50788,1804,74,3380,40,1099,2022-09-03,06:09:00
https://www.instagram.com/p/CiFoDAGtJmg/,Carrossel do Instagram,13581,11722,126,20,701,4,80,2022-09-04,07:09:00
https://www.instagram.com/p/CiGbUEuKyJb/,Carrossel do Instagram,45767,35357,2558,58,4290,21,436,2022-09-04,14:09:00
https://www.instagram.com/p/CiJAZ4LMhTe/,Carrossel do Instagram,26202,21442,225,14,946,2,115,2022-09-05,14:09:00
https://www.instagram.com/p/CiJAhz8pxWD/,Carrossel do Instagram,16369,13237,193,16,715,7,58,2022-09-05,14:09:00
https://www.instagram.com/p/CiKjJLOO30r/,Carrossel do Instagram,49750,39146,2156,53,2870,30,320,2022-09-06,05:09:00
https://www.instagram.com/p/CiLZ_FYOKcY/,Imagem do Instagram,7025,6437,7,6,106,1,4,2022-09-06,13:09:00
https://www.instagram.com/p/CiLaOnrOSyJ/,Imagem do Instagram,5271,4946,6,6,83,3,4,2022-09-06,13:09:00
https://www.instagram.com/p/CiNlcacPD6U/,Carrossel do Instagram,8477,7018,4,0,97,0,7,2022-09-07,09:09:00
https://www.instagram.com/p/CiQ5MOVP4Ic/,Carrossel do Instagram,20632,17651,33,6,440,32,35,2022-09-08,16:09:00
https://www.instagram.com/p/CiTHFHVIZlx/,Carrossel do Instagram,40154,31421,488,26,1843,22,547,2022-09-09,13:09:00
https://www.instagram.com/p/CiXsFg6uvB9/,Carrossel do Instagram,23930,19934,56,8,970,10,125,2022-09-11,07:09:00
https://www.instagram.com/p/CiYdjmhv8Xm/,Carrossel do Instagram,31935,25676,721,28,2181,4,223,2022-09-11,14:09:00
https://www.instagram.com/p/Cia84NprGXS/,Carrossel do Instagram,11514,9525,36,0,287,2,28,2022-09-12,14:09:00
https://www.instagram.com/p/CidldhRPMrc/,Carrossel do Instagram,22659,18560,241,16,593,17,203,2022-09-13,14:09:00
https://www.instagram.com/p/CigMyb-PqQx/,Carrossel do Instagram,65004,49963,1777,138,4081,98,442,2022-09-14,15:09:00
https://www.instagram.com/p/Cih0zqRvDlN/,Carrossel do Instagram,59320,44675,1159,164,2955,28,2501,2022-09-15,06:09:00
https://www.instagram.com/p/CikiIM2LXPg/,Carrossel do Instagram,18959,14776,81,4,648,10,95,2022-09-16,07:09:00
https://www.instagram.com/p/Cild6e_M8M5/,Carrossel do Instagram,25237,20368,37,16,715,6,225,2022-09-16,16:09:00
https://www.instagram.com/reel/CinP4vtjyYQ/,Vídeo do Instagram,8243,7311,10,3,164,10,4,2022-09-17,08:09:00
https://www.instagram.com/p/CiqfJOyNBq_/,Carrossel do Instagram,37225,28968,1399,81,3110,4,345,2022-09-18,14:09:00
https://www.instagram.com/p/Cis-DHJOxUg/,Carrossel do Instagram,11016,8903,59,4,361,1,65,2022-09-19,14:09:00
https://www.instagram.com/p/CivmO7tv_sc/,Carrossel do Instagram,12655,10206,74,6,506,3,53,2022-09-20,14:09:00
https://www.instagram.com/p/CiyKEnDopyv/,Carrossel do Instagram,14737,11998,196,22,611,5,226,2022-09-21,14:09:00
https://www.instagram.com/p/Ci0sQgqtdI8/,Carrossel do Instagram,12571,9926,3,4,228,8,19,2022-09-22,14:09:00
https://www.instagram.com/p/Ci-5kKrueYj/,Carrossel do Instagram,66188,56137,824,136,4134,59,578,2022-09-26,13:09:00
https://www.instagram.com/p/CjBl-TxOmnt/,Carrossel do Instagram,23371,18788,157,22,899,13,207,2022-09-27,14:09:00
https://www.instagram.com/p/CjEJYlYuxYL/,Carrossel do Instagram,17731,14290,71,12,622,9,187,2022-09-28,14:09:00
https://www.instagram.com/p/CfeIPzjLhwE/,Carrossel do Instagram,13171,9214,149,6,437,6,23,2022-07-01,06:07:00
https://www.instagram.com/p/Cjjfe1crkOQ/,Carrossel do Instagram,7725,6279,65,8,199,2,22,2022-10-10,18:10:00
https://www.instagram.com/p/CjlFM7NugbY/,Carrossel do Instagram,37910,29586,531,26,1537,15,148,2022-10-11,09:10:00
https://www.instagram.com/reel/Cjl2wUwjOyj/,Vídeo do Instagram,40519,36965,63,2,1213,22,50,2022-10-11,16:10:00
https://www.instagram.com/p/CjniFOCOIFJ/,Imagem do Instagram,12225,11372,54,0,301,2,30,2022-10-12,07:10:00
https://www.instagram.com/p/Cjqz0CQOMz8/,Carrossel do Instagram,16365,13160,144,12,730,17,71,2022-10-13,14:10:00
https://www.instagram.com/reel/CjsxuFQj698/,Vídeo do Instagram,13214,11991,27,6,362,4,31,2022-10-14,08:10:00
https://www.instagram.com/p/CjtiSqRuSyp/,Carrossel do Instagram,38496,31788,257,46,1709,1,345,2022-10-14,15:10:00
https://www.instagram.com/p/CjvINhqOmsW/,Carrossel do Instagram,34579,27543,228,14,1582,13,223,2022-10-15,06:10:00
https://www.instagram.com/p/CjyS9_qu-l5/,Carrossel do Instagram,47650,36638,1726,57,3947,14,375,2022-10-16,12:10:00
https://www.instagram.com/reel/Cj0fWmXD5TG/,Vídeo do Instagram,31881,28050,214,24,1905,13,379,2022-10-17,08:10:00
https://www.instagram.com/reel/Cj3P4qzjvjg/,Vídeo do Instagram,6403,5808,10,2,99,4,19,2022-10-18,10:10:00
https://www.instagram.com/p/Cj5z5lGuXTd/,Carrossel do Instagram,17074,14040,69,16,827,5,56,2022-10-19,10:10:00
https://www.instagram.com/p/Cj6Pm_FO6Me/,Carrossel do Instagram,7217,5683,3,2,123,0,19,2022-10-19,14:10:00
https://www.instagram.com/p/Cj8MdmEuLxo/,Imagem do Instagram,12561,11297,13,4,238,5,45,2022-10-20,08:10:00
https://www.instagram.com/p/Cj80InFuqm8/,Carrossel do Instagram,37521,30200,360,58,1992,19,546,2022-10-20,14:10:00
https://www.instagram.com/p/Cj_YdqBuGQm/,Carrossel do Instagram,28610,23208,204,6,1205,7,140,2022-10-21,14:10:00
https://www.instagram.com/p/CkBBxJJu45k/,Carrossel do Instagram,50497,39754,1445,92,3720,37,684,2022-10-22,05:10:00
https://www.instagram.com/p/CkEuepyuqhR/,Carrossel do Instagram,48047,35859,1822,148,4768,16,635,2022-10-23,15:10:00
https://www.instagram.com/p/CkHA55whNMe/,Carrossel do Instagram,6543,4754,4,2,74,2,11,2022-10-24,13:10:00
https://www.instagram.com/reel/CkJDVlaj_my/,Vídeo do Instagram,19590,18111,30,3,503,4,102,2022-10-25,08:10:00
https://www.instagram.com/p/CkJrni3OjHb/,Carrossel do Instagram,15336,12186,51,8,417,4,111,2022-10-25,14:10:00
https://www.instagram.com/p/CkMN0JSOA83/,Carrossel do Instagram,21086,16595,71,0,792,2,84,2022-10-26,13:10:00
https://www.instagram.com/p/CkOH8_OOX6V/,Carrossel do Instagram,17306,13439,115,16,778,7,199,2022-10-27,07:10:00
https://www.instagram.com/p/CkOy75Lsnu_/,Carrossel do Instagram,33948,26783,263,11,1459,3,272,2022-10-27,13:10:00
https://www.instagram.com/p/CkRSAJotd1J/,Carrossel do Instagram,22619,18534,104,0,889,2,95,2022-10-28,13:10:00
https://www.instagram.com/p/CkTAZxyOyE4/,Carrossel do Instagram,47265,36377,823,28,2344,56,193,2022-10-29,05:10:00
https://www.instagram.com/p/CkWVjhDOI06/,Carrossel do Instagram,10497,8343,12,2,184,1,37,2022-10-30,12:10:00
https://www.instagram.com/p/CkWr2xCu5ni/,Carrossel do Instagram,39398,31532,776,6,4105,39,88,2022-10-30,15:10:00
https://www.instagram.com/p/CkYahfdu6CW/,Carrossel do Instagram,30640,24214,354,53,1301,13,355,2022-10-31,07:10:00
https://www.instagram.com/p/CkbAfUpumD_/,Carrossel do Instagram,9422,7592,6,2,122,2,25,2022-11-01,07:11:00
https://www.instagram.com/reel/Ckbw6skjkAz/,Vídeo do Instagram,13528,12691,1,4,252,7,10,2022-11-01,14:11:00
https://www.instagram.com/p/CkdiEENO3K6/,Carrossel do Instagram,26841,21088,44,4,541,124,285,2022-11-02,07:11:00
https://www.instagram.com/p/CkgJDFUuxkL/,Carrossel do Instagram,34395,26820,420,42,1985,21,478,2022-11-03,07:11:00
https://www.instagram.com/p/CkivUmYD6xS/,Carrossel do Instagram,12927,10574,14,2,307,1,62,2022-11-04,07:11:00
https://www.instagram.com/p/CkjYZ50Ovlq/,Carrossel do Instagram,23033,19349,97,1,788,1,112,2022-11-04,13:11:00
https://www.instagram.com/p/Cklyjl9O469/,Carrossel do Instagram,53012,40725,669,70,2921,34,190,2022-11-05,12:11:00
https://www.instagram.com/p/CknqEVCOvp8/,Carrossel do Instagram,57619,45479,578,48,3827,26,742,2022-11-06,04:11:00
https://www.instagram.com/p/CkoZ08YOidF/,Carrossel do Instagram,50100,37549,1991,60,4895,13,449,2022-11-06,11:11:00
https://www.instagram.com/p/Cko7P8_ue5X/,Carrossel do Instagram,33455,26601,165,55,1838,8,686,2022-11-06,16:11:00
https://www.instagram.com/p/CkqgxQGO9kS/,Carrossel do Instagram,13106,10576,13,6,712,21,25,2022-11-07,07:11:00
https://www.instagram.com/p/CkrQZJVOw0y/,Carrossel do Instagram,6352,5338,15,0,121,0,24,2022-11-07,14:11:00
https://www.instagram.com/p/CktDxvTuGrk/,Carrossel do Instagram,67371,52409,2529,83,2672,398,335,2022-11-08,06:11:00
https://www.instagram.com/p/CktsAkduomM/,Carrossel do Instagram,35176,27778,259,23,1402,10,202,2022-11-08,12:11:00
https://www.instagram.com/p/Ckt4VLMuWy-/,Carrossel do Instagram,14757,12225,190,29,798,1,79,2022-11-08,14:11:00
https://www.instagram.com/reel/Ckvpl8_jzRf/,Vídeo do Instagram,14023,12479,105,4,687,61,65,2022-11-09,07:11:00
https://www.instagram.com/p/CkwMsJ_OF-O/,Carrossel do Instagram,15343,11637,95,17,959,2,190,2022-11-09,12:11:00
https://www.instagram.com/p/CkyKlAnrVPk/,Imagem do Instagram,36707,34491,308,18,1295,78,99,2022-11-10,06:11:00
https://www.instagram.com/p/CkyjcRtOPr2/,Carrossel do Instagram,5957,4597,7,4,84,3,9,2022-11-10,10:11:00
https://www.instagram.com/reel/CkzHCcrDnYK/,Vídeo do Instagram,10743,9878,52,3,394,4,32,2022-11-10,15:11:00
https://www.instagram.com/p/Ck0yOhwuEiv/,Carrossel do Instagram,6843,5457,27,2,96,3,15,2022-11-11,06:11:00
https://www.instagram.com/p/Ck1cAYouAN6/,Carrossel do Instagram,24904,18919,58,36,469,0,62,2022-11-11,13:11:00
https://www.instagram.com/p/Ck3GbrorkIQ/,Carrossel do Instagram,48494,38907,1967,125,4668,79,299,2022-11-12,04:11:00
https://www.instagram.com/p/Ck3zFStuiEq/,Carrossel do Instagram,29509,22583,133,4,1479,8,92,2022-11-12,11:11:00
https://www.instagram.com/p/Ck8do8lOl6Q/,Carrossel do Instagram,15204,12070,15,4,572,13,27,2022-11-14,06:11:00
https://www.instagram.com/p/Ck_tRonO6Rf/,Carrossel do Instagram,40979,31560,1030,19,3200,11,387,2022-11-15,12:11:00
https://www.instagram.com/p/ClABmMxukjH/,Carrossel do Instagram,11058,8959,64,2,311,2,19,2022-11-15,15:11:00
https://www.instagram.com/p/ClCMy3fud80/,Carrossel do Instagram,16504,13835,37,8,677,3,208,2022-11-16,11:11:00
https://www.instagram.com/p/ClE_jfsOmbp/,Carrossel do Instagram,14567,12135,22,2,513,7,24,2022-11-17,13:11:00
https://www.instagram.com/p/ClHdkTApNnV/,Carrossel do Instagram,39602,33183,262,21,1420,4,211,2022-11-18,13:11:00
https://www.instagram.com/p/ClJLcXSLdis/,Carrossel do Instagram,8617,7020,19,1,275,0,33,2022-11-19,05:11:00
https://www.instagram.com/p/ClKCXQ-rtxr/,Imagem do Instagram,16132,14229,145,6,721,1,153,2022-11-19,13:11:00
https://www.instagram.com/p/ClLyX_QOKXT/,Carrossel do Instagram,15689,12829,88,14,827,12,199,2022-11-20,05:11:00
https://www.instagram.com/p/ClMslFbA-Kq/,Carrossel do Instagram,43024,32324,688,3,3299,74,112,2022-11-20,13:11:00
https://www.instagram.com/p/ClOiogRO5Ht/,Carrossel do Instagram,17689,14209,105,17,905,9,216,2022-11-21,06:11:00
https://www.instagram.com/p/ClPjPR3OVZE/,Carrossel do Instagram,36518,29730,444,31,2404,12,458,2022-11-21,16:11:00
https://www.instagram.com/p/ClRGwgSu0x7/,Carrossel do Instagram,29687,23543,354,47,1844,14,404,2022-11-22,06:11:00
https://www.instagram.com/p/ClRuFOOSmkx/,Carrossel do Instagram,7497,5997,12,2,99,7,15,2022-11-22,12:11:00
https://www.instagram.com/p/ClTo6JcLZlT/,Carrossel do Instagram,30582,23189,382,4,779,22,244,2022-11-23,06:11:00
https://www.instagram.com/reel/ClUmd_Mj1DD/,Vídeo do Instagram,5352,4848,5,2,95,1,28,2022-11-23,15:11:00
https://www.instagram.com/p/ClWAjFouuL3/,Carrossel do Instagram,9631,7476,12,8,216,4,64,2022-11-24,04:11:00
https://www.instagram.com/p/ClWq4uiOxpx/,Carrossel do Instagram,28209,19955,472,7,1957,10,90,2022-11-24,10:11:00
https://www.instagram.com/reel/ClZQp_ND7AV/,Vídeo do Instagram,9072,8561,11,1,164,0,27,2022-11-25,10:11:00
https://www.instagram.com/p/ClbGIsUIV3J/,Carrossel do Instagram,8836,7276,14,0,236,7,39,2022-11-26,04:11:00
https://www.instagram.com/p/ClbvVD1jW9x/,Carrossel do Instagram,22213,16156,40,0,688,28,43,2022-11-26,10:11:00
https://www.instagram.com/p/Cld4pzMJWhM/,Carrossel do Instagram,21035,16953,89,4,602,5,164,2022-11-27,06:11:00
https://www.instagram.com/p/CleiKCAOTB7/,Carrossel do Instagram,57143,42584,2875,50,4977,29,474,2022-11-27,12:11:00
https://www.instagram.com/p/Clgg4tqL-Zr/,Carrossel do Instagram,45828,35601,306,6,2158,42,652,2022-11-28,06:11:00
https://www.instagram.com/p/ClhMTTGSaen/,Carrossel do Instagram,6130,5301,13,4,93,10,6,2022-11-28,12:11:00
https://www.instagram.com/reel/ClhdiETDIN2/,Vídeo do Instagram,6086,5702,9,2,113,0,17,2022-11-28,15:11:00
https://www.instagram.com/p/CljFrTSrJlC/,Carrossel do Instagram,10376,8413,30,0,275,1,65,2022-11-29,06:11:00
https://www.instagram.com/p/Clj5ygpON3f/,Imagem do Instagram,4608,4180,0,1,34,0,4,2022-11-29,14:11:00
https://www.instagram.com/p/CllqePRMe97/,Carrossel do Instagram,13102,10298,108,5,610,0,169,2022-11-30,06:11:00
https://www.instagram.com/p/ClmQPDwLIGC/,Imagem do Instagram,14149,12935,36,4,500,3,66,2022-11-30,12:11:00
https://www.instagram.com/p/CloPRBKs8-o/,Carrossel do Instagram,23150,19946,187,7,1299,8,186,2022-12-01,06:12:00
https://www.instagram.com/p/Clo_mVtOfc2/,Carrossel do Instagram,24728,18331,509,19,1690,8,171,2022-12-01,13:12:00
https://www.instagram.com/p/Clq0j8nu2Wx/,Carrossel do Instagram,18071,14731,51,0,421,11,19,2022-12-02,06:12:00
https://www.instagram.com/p/CltH-zWutgz/,Carrossel do Instagram,5226,4267,14,0,49,0,15,2022-12-03,04:12:00
https://www.instagram.com/p/Cltw4-2Mxbo/,Carrossel do Instagram,26503,19866,82,1,971,20,40,2022-12-03,10:12:00
https://www.instagram.com/p/ClyqxYvuVl-/,Carrossel do Instagram,23637,18280,246,10,1404,18,323,2022-12-05,07:12:00
https://www.instagram.com/p/ClzPyaIuqid/,Carrossel do Instagram,44424,32684,2607,46,4110,12,432,2022-12-05,13:12:00
https://www.instagram.com/p/Cl1JKQYOVu6/,Carrossel do Instagram,44712,30542,317,34,1326,19,241,2022-12-06,06:12:00
https://www.instagram.com/p/Cl1SfOvs9Rm/,Carrossel do Instagram,22146,17198,207,13,920,3,115,2022-12-06,08:12:00
https://www.instagram.com/reel/Cl2G3-AjaWs/,Vídeo do Instagram,7893,7256,78,3,166,4,18,2022-12-06,15:12:00
https://www.instagram.com/p/Cl3yDcDurP_/,Carrossel do Instagram,19169,15409,45,2,837,5,129,2022-12-07,07:12:00
https://www.instagram.com/p/Cl4gl_2uzPF/,Carrossel do Instagram,33414,27024,300,7,2085,30,128,2022-12-07,14:12:00
https://www.instagram.com/p/Cl6EVfQOTAh/,Carrossel do Instagram,25117,20118,969,34,2263,9,207,2022-12-08,04:12:00
https://www.instagram.com/p/Cl6UUdluepr/,Carrossel do Instagram,21857,16745,134,6,1379,15,69,2022-12-08,07:12:00
https://www.instagram.com/p/Cl66CNRLkDg/,Carrossel do Instagram,12853,10464,35,1,430,2,94,2022-12-08,12:12:00
https://www.instagram.com/p/Cl8kdfEMa5y/,Carrossel do Instagram,10662,8181,34,2,285,3,93,2022-12-09,04:12:00
https://www.instagram.com/p/Cl9bZLBL58o/,Imagem do Instagram,22585,20775,116,4,725,3,161,2022-12-09,12:12:00
https://www.instagram.com/p/Cl_Rg4vsVgR/,Carrossel do Instagram,8499,7022,12,2,189,0,47,2022-12-10,05:12:00
https://www.instagram.com/p/CmB4W4LqqIr/,Carrossel do Instagram,11403,9663,23,5,387,1,51,2022-12-11,05:12:00
https://www.instagram.com/p/CmCjRLWPqsc/,Carrossel do Instagram,34080,25660,655,12,2432,3,280,2022-12-11,11:12:00
https://www.instagram.com/p/CmEjcKeO9eL/,Carrossel do Instagram,10136,8007,46,7,356,3,100,2022-12-12,06:12:00
https://www.instagram.com/p/CmFJyVVLcMR/,Carrossel do Instagram,20586,15693,67,4,1074,5,124,2022-12-12,12:12:00
https://www.instagram.com/p/CmHKjQ4gQaN/,Carrossel do Instagram,10095,8012,20,1,270,0,57,2022-12-13,06:12:00
https://www.instagram.com/p/CmHuuDRuieX/,Carrossel do Instagram,17351,14370,62,2,605,5,80,2022-12-13,12:12:00
https://www.instagram.com/p/CmJrBIRMJfW/,Imagem do Instagram,30403,28419,283,0,560,24,99,2022-12-14,06:12:00
https://www.instagram.com/p/CmM4KxjLM4u/,Carrossel do Instagram,45684,36784,591,35,3407,16,1212,2022-12-15,12:12:00
https://www.instagram.com/p/CmOzxMJL9YJ/,Carrossel do Instagram,17970,14286,157,7,781,2,252,2022-12-16,06:12:00
https://www.instagram.com/p/CmPc9dJNN88/,Imagem do Instagram,23851,22088,161,5,835,4,132,2022-12-16,12:12:00
https://www.instagram.com/p/CmRiIy-uSwu/,Carrossel do Instagram,13514,10603,37,5,531,0,90,2022-12-17,07:12:00
https://www.instagram.com/p/CmUFHH4uraw/,Carrossel do Instagram,5261,4291,6,2,34,0,3,2022-12-18,07:12:00
https://www.instagram.com/p/CmUkZe6uUxp/,Carrossel do Instagram,39010,33092,826,9,3649,2,187,2022-12-18,11:12:00
https://www.instagram.com/p/CmXLVs7sI_i/,Carrossel do Instagram,17715,14184,80,13,649,1,171,2022-12-19,12:12:00
https://www.instagram.com/p/CmZKXjHMmbJ/,Carrossel do Instagram,9018,7494,11,3,191,1,27,2022-12-20,06:12:00
https://www.instagram.com/reel/CmcVFzCqI9m/,Vídeo do Instagram,10128,9261,32,1,226,3,39,2022-12-21,12:12:00
https://www.instagram.com/reel/CmfM8M9Kz05/,Vídeo do Instagram,68110,63949,1031,253,3865,28,1497,2022-12-22,14:12:00
https://www.instagram.com/p/CmhehKfMgjp/,Carrossel do Instagram,25243,20164,471,6,926,0,111,2022-12-23,12:12:00
https://www.instagram.com/p/CmjaHyIszmo/,Carrossel do Instagram,31547,24134,338,2,1136,22,91,2022-12-24,06:12:00
https://www.instagram.com/p/Cmj8cgvsYXx/,Carrossel do Instagram,10426,8204,44,2,526,1,26,2022-12-24,11:12:00
https://www.instagram.com/p/CmmaYcNM73e/,Carrossel do Instagram,34422,26903,1238,12,2374,4,172,2022-12-25,10:12:00
https://www.instagram.com/p/CmonI7Gs4E-/,Carrossel do Instagram,53527,38982,781,18,1471,140,197,2022-12-26,06:12:00
https://www.instagram.com/reel/Cmrwe7lK2u_/,Vídeo do Instagram,38956,36561,75,3,1055,13,156,2022-12-27,11:12:00
https://www.instagram.com/p/CmugVkOO4uZ/,Carrossel do Instagram,8012,6639,26,2,143,5,22,2022-12-28,13:12:00
https://www.instagram.com/p/CmzSWi4sjAB/,Carrossel do Instagram,30064,24068,115,4,1231,43,298,2022-12-30,10:12:00
https://www.instagram.com/p/Cm1U058s4OV/,Carrossel do Instagram,18769,15483,238,1,747,1,59,2022-12-31,05:12:00
https://www.instagram.com/p/CjgaSc4uSrE/,Carrossel do Instagram,72948,57917,3030,379,6240,26,825,2022-10-09,13:10:00
https://www.instagram.com/p/CjOoyias3nZ/,Carrossel do Instagram,29871,24066,315,8,1114,2,104,2022-10-02,15:10:00
https://www.instagram.com/reel/CjRbG_QDqXg/,Vídeo do Instagram,8161,7086,10,1,53,5,5,2022-10-03,17:10:00
https://www.instagram.com/p/CjV8TOWgLSU/,Carrossel do Instagram,47647,36291,337,176,1527,15,262,2022-10-05,11:10:00
https://www.instagram.com/p/CjV_Y7FBxU7/,Carrossel do Instagram,23319,17971,233,77,898,5,140,2022-10-05,12:10:00
https://www.instagram.com/p/CjXwUOnOyXo/,Carrossel do Instagram,14161,12227,82,2,591,2,88,2022-10-06,04:10:00
https://www.instagram.com/p/CjY1luQoLRE/,Carrossel do Instagram,16075,13513,62,4,332,4,24,2022-10-06,14:10:00
https://www.instagram.com/p/CjbaC1sO-G3/,Carrossel do Instagram,35496,27312,461,27,1887,3,255,2022-10-07,14:10:00
https://www.instagram.com/p/CjdJ2KIuaEn/,Carrossel do Instagram,32898,24499,325,4,975,61,73,2022-10-08,07:10:00
https://www.instagram.com/p/CjN5EoMOOXr/,Carrossel do Instagram,43391,32692,1200,38,3398,7,384,2022-10-02,08:10:00
https://www.instagram.com/p/Cm4b8R2MFn_/,Carrossel do Instagram,26687,20983,497,9,1692,1,118,2023-01-01,10:01:00
https://www.instagram.com/p/Cm6lRXjs1Iv/,Carrossel do Instagram,103140,87576,1225,688,3992,26,2087,2023-01-02,06:01:00
https://www.instagram.com/p/Cm6l2ALsME3/,Carrossel do Instagram,47611,40718,678,276,1760,3,960,2023-01-02,06:01:00
https://www.instagram.com/p/Cm9sZbtsjku/,Imagem do Instagram,28924,26681,197,3,567,81,35,2023-01-03,11:01:00
https://www.instagram.com/p/Cm_hI0wsNxI/,Carrossel do Instagram,35610,30515,309,115,1116,2,298,2023-01-04,04:01:00
https://www.instagram.com/p/Cm_hs6Qs2XJ/,Carrossel do Instagram,31434,27319,342,136,1081,1,371,2023-01-04,04:01:00
https://www.instagram.com/reel/CnCVnJkqTDp/,Vídeo do Instagram,38103,36249,803,3,2403,14,159,2023-01-05,06:01:00
https://www.instagram.com/reel/CnDIXCSqDiR/,Vídeo do Instagram,25573,23649,186,2,975,8,125,2023-01-05,13:01:00
https://www.instagram.com/p/CnFhp3PoqD0/,Carrossel do Instagram,22512,18035,210,9,1291,17,142,2023-01-06,12:01:00
https://www.instagram.com/p/CnG0DbIsMvW/,Carrossel do Instagram,15070,12921,92,21,432,3,149,2023-01-07,00:01:00
https://www.instagram.com/p/CnHdPt3vIh6/,Carrossel do Instagram,41848,33552,1052,17,2319,16,223,2023-01-07,06:01:00
https://www.instagram.com/p/CnKdgiPN7yF/,Carrossel do Instagram,27218,21030,832,20,2364,6,230,2023-01-08,10:01:00
https://www.instagram.com/p/CnMm1g7vLy9/,Carrossel do Instagram,18332,15023,72,10,611,5,91,2023-01-09,06:01:00
https://www.instagram.com/p/CnPL_c4Ov08/,Carrossel do Instagram,12885,10803,76,6,799,6,101,2023-01-10,06:01:00
https://www.instagram.com/reel/CnSa6A3qxIt/,Vídeo do Instagram,13438,12413,29,4,481,4,63,2023-01-11,12:01:00
https://www.instagram.com/p/CnUVOFwMX-s/,Imagem do Instagram,6922,6357,89,22,434,4,66,2023-01-12,06:01:00
https://www.instagram.com/p/CnW6BYHPOPC/,Imagem do Instagram,28644,27474,241,5,1404,6,261,2023-01-13,06:01:00
https://www.instagram.com/p/CnXtrgTuc-r/,Imagem do Instagram,58152,56367,1199,19,4037,22,81,2023-01-13,13:01:00
https://www.instagram.com/p/CnZe0IIrvKb/,Carrossel do Instagram,24216,18996,237,5,1246,13,117,2023-01-14,06:01:00
https://www.instagram.com/p/CncfEyxt_4i/,Carrossel do Instagram,42004,31348,1745,25,3874,11,282,2023-01-15,10:01:00
https://www.instagram.com/p/CneoZtxrdVC/,Carrossel do Instagram,9750,7657,67,14,461,0,94,2023-01-16,06:01:00
https://www.instagram.com/p/CnhUJm1u2kT/,Imagem do Instagram,15908,14700,52,3,855,7,26,2023-01-17,07:01:00
https://www.instagram.com/p/CnhorTQO_7u/,Imagem do Instagram,39172,35286,552,30,4044,149,117,2023-01-17,10:01:00
https://www.instagram.com/p/CnkbMaDMhMp/,Carrossel do Instagram,39271,32322,561,29,2091,22,465,2023-01-18,12:01:00
https://www.instagram.com/p/CnmWyO-snyV/,Carrossel do Instagram,38482,30664,575,7,2329,27,125,2023-01-19,06:01:00
https://www.instagram.com/p/Cno7lg2Na50/,Imagem do Instagram,18941,17683,187,2,1097,5,91,2023-01-20,06:01:00
https://www.instagram.com/p/CnrgYM0Llu9/,Carrossel do Instagram,12251,10155,37,0,488,2,64,2023-01-21,06:01:00
https://www.instagram.com/p/CnsJkdELqCT/,Carrossel do Instagram,23253,17294,279,6,1217,7,119,2023-01-21,12:01:00
https://www.instagram.com/p/CnugoxEMD9M/,Carrossel do Instagram,19401,15029,607,9,1748,0,154,2023-01-22,10:01:00
https://www.instagram.com/p/CnxTKY7sICI/,Carrossel do Instagram,20698,17308,111,26,1572,8,243,2023-01-23,12:01:00
https://www.instagram.com/p/CnzOwsvMlyg/,Carrossel do Instagram,51860,41310,362,16,2811,29,681,2023-01-24,06:01:00
https://www.instagram.com/p/Cn1zkFwpGPR/,Carrossel do Instagram,11954,10058,80,2,381,0,123,2023-01-25,06:01:00
https://www.instagram.com/p/Cn4YWV6Jm7t/,Imagem do Instagram,4820,4408,17,1,189,0,16,2023-01-26,06:01:00
https://www.instagram.com/p/Cn5BVyQPxdj/,Carrossel do Instagram,46367,37297,356,7,2831,54,284,2023-01-26,11:01:00
https://www.instagram.com/p/Cn69KfntenZ/,Carrossel do Instagram,32776,24168,929,9,2164,12,248,2023-01-27,06:01:00
https://www.instagram.com/p/Cn9h8j9r1Jl/,Carrossel do Instagram,33974,27636,461,19,2892,32,217,2023-01-28,06:01:00
https://www.instagram.com/p/Cn-LIpOPuMI/,Carrossel do Instagram,39355,31440,252,71,1598,21,151,2023-01-28,12:01:00
https://www.instagram.com/p/CoAiMmDrLG9/,Carrossel do Instagram,27442,20451,1049,11,2042,10,176,2023-01-29,10:01:00
https://www.instagram.com/p/CoCrh77LeKm/,Imagem do Instagram,21177,19043,294,4,1031,6,127,2023-01-30,06:01:00
https://www.instagram.com/p/CoF5h7kq3nF/,Carrossel do Instagram,12883,10235,46,1,375,18,62,2023-01-31,12:01:00
https://www.instagram.com/p/CoH1H09MdwQ/,Carrossel do Instagram,41131,33568,432,74,1557,7,266,2023-02-01,06:02:00
https://www.instagram.com/p/CoH7_UChcLH/,Carrossel do Instagram,25340,19156,286,23,992,9,100,2023-02-01,07:02:00
https://www.instagram.com/p/CoIeUobt-f8/,Carrossel do Instagram,37469,29436,408,7,2050,14,386,2023-02-01,12:02:00
https://www.instagram.com/p/CoKZ6ZWsnU5/,Imagem do Instagram,25339,22887,497,10,1500,1,169,2023-02-02,06:02:00
https://www.instagram.com/p/CoM-tZBLcMM/,Imagem do Instagram,28874,26662,620,7,1261,4,290,2023-02-03,06:02:00
https://www.instagram.com/p/CoPjgqws2Mz/,Carrossel do Instagram,23491,17658,288,15,1383,12,229,2023-02-04,06:02:00
https://www.instagram.com/p/CoSjw3Ds_dH/,Carrossel do Instagram,28993,22173,890,12,2494,9,216,2023-02-05,10:02:00
https://www.instagram.com/reel/CoXGOucDVAF/,Vídeo do Instagram,7762,6936,13,0,155,3,25,2023-02-07,04:02:00
https://www.instagram.com/p/CoX7KxZsp1d/,Carrossel do Instagram,58253,46363,611,63,3737,41,421,2023-02-07,12:02:00
https://www.instagram.com/p/CoZ2sQRPnRB/,Imagem do Instagram,6417,5881,18,0,197,2,9,2023-02-08,06:02:00
https://www.instagram.com/p/CofpeFAr8L0/,Imagem do Instagram,15697,14234,124,1,639,2,94,2023-02-10,12:02:00
https://www.instagram.com/p/CoheNbTr3I1/,Carrossel do Instagram,13480,10920,47,0,579,8,36,2023-02-11,05:02:00
https://www.instagram.com/reel/CokKRn1jy2O/,Vídeo do Instagram,39324,36619,1064,8,2696,50,363,2023-02-12,06:02:00
https://www.instagram.com/p/CokzELPoOWX/,Carrossel do Instagram,21265,16113,651,14,2275,5,265,2023-02-12,12:02:00
https://www.instagram.com/reel/CongZUdDF58/,Vídeo do Instagram,12049,10855,28,2,486,12,31,2023-02-13,13:02:00
https://www.instagram.com/p/CopUIW_uMB7/,Carrossel do Instagram,16312,13100,229,9,1003,20,317,2023-02-14,06:02:00
https://www.instagram.com/reel/Cosf4zWDuq7/,Vídeo do Instagram,28054,25796,99,1,1087,16,57,2023-02-15,11:02:00
https://www.instagram.com/p/CovGKBDOAQ-/,Carrossel do Instagram,13392,10763,42,1,469,1,25,2023-02-16,11:02:00
https://www.instagram.com/p/CoxB2LYPpLQ/,Carrossel do Instagram,10542,8560,143,0,481,0,56,2023-02-17,06:02:00
https://www.instagram.com/p/CoxsOxvOkIn/,Carrossel do Instagram,19743,15773,354,16,1086,5,466,2023-02-17,12:02:00
https://www.instagram.com/p/Cox_pB5NQRm/,Carrossel do Instagram,4643,3601,5,0,59,3,2,2023-02-17,15:02:00
https://www.instagram.com/reel/Co2LlTEjTYX/,Vídeo do Instagram,49362,45885,696,4,2614,46,1377,2023-02-19,06:02:00
https://www.instagram.com/p/Co2m5VuMJOU/,Carrossel do Instagram,26750,20488,701,3,1579,2,160,2023-02-19,10:02:00
https://www.instagram.com/p/Co4ifO3Mura/,Carrossel do Instagram,3977,3023,1,0,34,0,1,2023-02-20,04:02:00
https://www.instagram.com/p/Co7HSRvMKko/,Carrossel do Instagram,8402,7011,10,0,95,4,4,2023-02-21,04:02:00
https://www.instagram.com/p/CpBQCZ8uxT-/,Carrossel do Instagram,25853,21385,213,11,1922,26,182,2023-02-23,13:02:00
https://www.instagram.com/p/CpDDZlOM01B/,Imagem do Instagram,8279,7693,16,1,270,2,15,2023-02-24,06:02:00
https://www.instagram.com/p/CpDzeiRN9mS/,Carrossel do Instagram,21109,17312,74,12,577,4,136,2023-02-24,13:02:00
https://www.instagram.com/p/CpFTmKWMIER/,Carrossel do Instagram,3807,2967,1,0,27,1,1,2023-02-25,03:02:00
https://www.instagram.com/p/CpFoM3nt_lG/,Carrossel do Instagram,8458,6616,14,3,253,4,13,2023-02-25,06:02:00
https://www.instagram.com/p/CpIodkNLVn7/,Carrossel do Instagram,25534,20161,876,7,1963,2,133,2023-02-26,10:02:00
https://www.instagram.com/p/CpK4qUIr_cl/,Carrossel do Instagram,7386,6285,47,4,279,4,27,2023-02-27,07:02:00
https://www.instagram.com/p/CpOZ43IuIDx/,Carrossel do Instagram,24876,21253,696,48,2586,33,204,2023-02-28,15:02:00
https://www.instagram.com/p/CpQCizZtmPR/,Carrossel do Instagram,9548,7774,61,0,429,3,13,2023-03-01,07:03:00
https://www.instagram.com/p/CpQrcpTLp8t/,Carrossel do Instagram,19213,15776,154,12,1114,5,216,2023-03-01,13:03:00
https://www.instagram.com/p/CpSo1BqNfvI/,Carrossel do Instagram,21728,17813,303,17,1549,18,313,2023-03-02,07:03:00
https://www.instagram.com/p/CpVGxEXONC-/,Carrossel do Instagram,46505,36921,428,22,1575,18,249,2023-03-03,06:03:00
https://www.instagram.com/p/CpVPUYou2Bn/,Carrossel do Instagram,19540,15106,222,19,875,0,123,2023-03-03,07:03:00
https://www.instagram.com/reel/CpV6xY7Dzcw/,Vídeo do Instagram,69757,66813,545,24,2852,40,283,2023-03-03,13:03:00
https://www.instagram.com/p/CpXpw_xBCrt/,Carrossel do Instagram,43008,35699,318,14,1990,55,141,2023-03-04,06:03:00
https://www.instagram.com/p/CpaqBklDlqr/,Carrossel do Instagram,40305,31203,1841,50,4039,20,415,2023-03-05,10:03:00
https://www.instagram.com/reel/Cpdu_i_Dt1x/,Vídeo do Instagram,11088,9950,28,1,310,2,50,2023-03-06,14:03:00
https://www.instagram.com/p/CpgINg2OdGT/,Carrossel do Instagram,71217,52310,1951,42,4799,52,1193,2023-03-07,13:03:00
https://www.instagram.com/p/CphsnT4u1Aj/,Carrossel do Instagram,13431,11346,482,11,1059,7,69,2023-03-08,03:03:00
https://www.instagram.com/p/Cpk859ku9CA/,Imagem do Instagram,10271,9488,78,0,665,7,18,2023-03-09,09:03:00
https://www.instagram.com/reel/CplevMIjCRf/,Vídeo do Instagram,9800,8741,33,4,433,3,79,2023-03-09,14:03:00
https://www.instagram.com/p/CpnNZ22L0RY/,Carrossel do Instagram,12270,10154,363,2,709,8,50,2023-03-10,07:03:00
https://www.instagram.com/p/CppnrtkOyBO/,Carrossel do Instagram,8443,6209,93,6,172,126,11,2023-03-11,05:03:00
https://www.instagram.com/p/CpqNqDRN3aQ/,Carrossel do Instagram,30940,25159,278,12,1858,21,222,2023-03-11,11:03:00
https://www.instagram.com/p/Cpsrl7NIpTO/,Carrossel do Instagram,21800,16631,739,10,1898,1,292,2023-03-12,11:03:00
https://www.instagram.com/p/Cpv08SeOKPa/,Carrossel do Instagram,12133,10360,300,22,1054,10,134,2023-03-13,16:03:00
https://www.instagram.com/p/CpxglUlPaWP/,Carrossel do Instagram,18232,15599,137,5,812,15,95,2023-03-14,08:03:00
https://www.instagram.com/p/Cp0rJACIJID/,Carrossel do Instagram,22372,18836,343,19,1845,138,237,2023-03-15,13:03:00
https://www.instagram.com/p/Cp1DK-ot77k/,Carrossel do Instagram,4575,3732,6,1,95,2,13,2023-03-15,17:03:00
https://www.instagram.com/p/Cp2_4lRuZcs/,Carrossel do Instagram,5797,4734,19,8,103,17,12,2023-03-16,11:03:00
https://www.instagram.com/reel/Cp3TZyRD6tM/,Vídeo do Instagram,52728,46191,731,11,3201,43,1943,2023-03-16,14:03:00
https://www.instagram.com/p/Cp42d25O9a9/,Carrossel do Instagram,4284,3471,5,1,84,5,0,2023-03-17,04:03:00
https://www.instagram.com/p/Cp5K9k7uCEd/,Imagem do Instagram,19583,17937,30,1,724,738,13,2023-03-17,07:03:00
https://www.instagram.com/p/Cp5f-gfOhjw/,Carrossel do Instagram,3519,2815,8,1,55,2,2,2023-03-17,10:03:00
https://www.instagram.com/p/Cp5yNPrOipH/,Carrossel do Instagram,4247,3510,13,1,56,1,9,2023-03-17,13:03:00
https://www.instagram.com/p/Cp6EZHMuVn6/,Carrossel do Instagram,7798,6346,12,0,170,3,22,2023-03-17,15:03:00
https://www.instagram.com/p/Cp7buZzJsm8/,Carrossel do Instagram,5775,4514,10,1,99,2,9,2023-03-18,04:03:00
https://www.instagram.com/p/Cp-tJx7PWAm/,Carrossel do Instagram,24711,19418,548,7,1756,3,191,2023-03-19,11:03:00
https://www.instagram.com/p/CqEEH-bu8fJ/,Carrossel do Instagram,8812,7338,16,10,417,19,10,2023-03-21,12:03:00
https://www.instagram.com/reel/CqETJ5ZDBzf/,Vídeo do Instagram,41839,38989,459,17,2161,17,1355,2023-03-21,15:03:00
https://www.instagram.com/p/CqGpRJQufVC/,Imagem do Instagram,11418,10455,67,0,676,3,60,2023-03-22,13:03:00
https://www.instagram.com/p/CqHGFPquKId/,Carrossel do Instagram,4336,3515,7,2,102,4,5,2023-03-22,17:03:00
https://www.instagram.com/p/CqLSMuBoHIm/,Imagem do Instagram,13506,12599,60,0,820,4,103,2023-03-24,08:03:00
https://www.instagram.com/p/CqNwLAireeZ/,Carrossel do Instagram,14170,11451,26,0,272,41,40,2023-03-25,07:03:00
https://www.instagram.com/p/CqQuubavUNa/,Carrossel do Instagram,27097,21315,965,17,2463,2,282,2023-03-26,11:03:00
https://www.instagram.com/p/CqTycLku82W/,Carrossel do Instagram,32347,27403,206,14,1674,23,299,2023-03-27,15:03:00
https://www.instagram.com/p/CqWFz0IO-Wv/,Carrossel do Instagram,22663,17777,171,8,1289,5,205,2023-03-28,12:03:00
https://www.instagram.com/reel/CqYCkcrjara/,Vídeo do Instagram,5881,5273,23,2,165,9,3,2023-03-29,07:03:00
https://www.instagram.com/p/CqYq1PNvPUR/,Imagem do Instagram,19543,18265,585,31,1995,36,276,2023-03-29,13:03:00
https://www.instagram.com/p/CqatTNBhoTL/,Carrossel do Instagram,41547,33361,379,7,1603,30,989,2023-03-30,08:03:00
https://www.instagram.com/p/CqdxHfROYDi/,Carrossel do Instagram,28281,22434,373,18,1626,46,288,2023-03-31,12:03:00
https://www.instagram.com/p/Cqd7SLmPWc7/,Imagem do Instagram,10503,9541,40,0,502,1,71,2023-03-31,14:03:00
https://www.instagram.com/p/Cm4AeskoCQR/,Carrossel do Instagram,15778,13104,29,4,497,0,45,2023-01-01,06:01:00
